{"name":"9271be69-8e42-4be2-b5ba-9cdd7e2fbde7","id":"/providers/Microsoft.Flow/flows/9271be69-8e42-4be2-b5ba-9cdd7e2fbde7","type":"Microsoft.Flow/flows","properties":{"apiId":"/providers/Microsoft.PowerApps/apis/shared_logicflows","displayName":"Change Microsoft Teams status to Remote","definition":{"metadata":{"workflowEntityId":null,"processAdvisorMetadata":null,"flowclientsuspensionreason":"None","flowclientsuspensiontime":null,"flowclientsuspensionreasondetails":null,"creator":{"id":"823ac8f3-642e-48ce-a326-dc8740959251","type":"User","tenantId":"b5da5f35-6442-4f5a-9622-92ec6a535127"},"provisioningMethod":"FromDefinition","failureAlertSubscription":true,"clientLastModifiedTime":"2023-03-24T17:37:51.4045761Z"},"$schema":"https://schema.management.azure.com/providers/Microsoft.Logic/schemas/2016-06-01/workflowdefinition.json#","contentVersion":"1.0.0.0","parameters":{"$connections":{"defaultValue":{},"type":"Object"},"$authentication":{"defaultValue":{},"type":"SecureObject"}},"triggers":{"When_an_upcoming_event_is_starting_soon_(V3)":{"recurrence":{"frequency":"Minute","interval":5},"splitOn":"@triggerOutputs()?['body/value']","metadata":{"operationMetadataId":"1dcd88ea-72c2-472d-aa9a-7d8d863bb75b"},"type":"OpenApiConnection","inputs":{"host":{"apiId":"/providers/Microsoft.PowerApps/apis/shared_office365","connectionName":"shared_office365","operationId":"OnUpcomingEventsV3"},"parameters":{"table":"AAMkADZiMTVjMmY2LWMyYTEtNGYyYS1iZTkyLWE1YjAxNTQ2MWU1MABGAAAAAAChr2C_Pb3zRZ97c2GnWsWiBwDQ3e3NOi_IRYvT2ojar9J4AAAAAAEGAADQ3e3NOi_IRYvT2ojar9J4AAAHyWTYAAA=","lookAheadTimeInMinutes":15},"authentication":"@parameters('$authentication')"}}},"actions":{"If_Subject_contains_\"Status:\"":{"actions":{"Set_Status":{"runAfter":{},"metadata":{"operationMetadataId":"134ac015-c6b4-4e99-8497-0479f2915328"},"type":"OpenApiConnection","inputs":{"host":{"apiId":"/providers/Microsoft.PowerApps/apis/shared_sharepointonline","connectionName":"shared_sharepointonline_1","operationId":"HttpRequest"},"parameters":{"dataset":"https://presence.teams.microsoft.com","parameters/method":"PUT","parameters/uri":"/v1/me/publishnote","parameters/headers":{"content-type":"application/json"},"parameters/body":"{\n\n\"message\": \"@{variables('StatusFormatted')}\",\n\"expiry\":\"@{triggerOutputs()?['body/end']}\"\n\n}"},"authentication":"@parameters('$authentication')"}}},"runAfter":{"Initialize_variable":["Succeeded"]},"expression":{"startsWith":["@triggerOutputs()?['body/subject']","Status:"]},"metadata":{"operationMetadataId":"aaa97391-b8f7-47e6-b4b4-793301f4a3c2"},"type":"If"},"Initialize_variable":{"runAfter":{},"metadata":{"operationMetadataId":"8c572e1c-bb8c-472b-bbe6-cb17ccab1351"},"type":"InitializeVariable","inputs":{"variables":[{"name":"StatusFormatted","type":"string","value":"@{split(triggerOutputs()?['body/subject'], ' ')[sub(length(split(triggerOutputs()?['body/subject'], ' ')), 1)]}"}]}}}},"connectionReferences":{"shared_sharepointonline_1":{"connectionName":"c029b88a68054ee09601163a3aef036e","source":"Embedded","id":"/providers/Microsoft.PowerApps/apis/shared_sharepointonline","tier":"NotSpecified"},"shared_office365":{"connectionName":"shared-office365-edc932fc-72ff-456f-97cf-3718-a3e548a6","source":"Embedded","id":"/providers/Microsoft.PowerApps/apis/shared_office365","tier":"NotSpecified"}},"flowFailureAlertSubscribed":false,"isManaged":false}}